macro,n_DWAs,mean_OAI,mean_Eloundou,mean_AIOE,mean_FO
M2,168,0.0577,0.0861,-0.7874,0.7011
M4-HVAC,84,0.0345,0.2141,-0.6011,0.6449
M4-patrol,85,0.1318,0.3571,0.1121,0.3743
M1,140,0.345,0.3865,-0.1923,0.622
M6,402,0.2622,0.3801,0.3567,0.2793
Noise,766,0.2995,0.3401,-0.0078,0.4693
M5,68,0.35,0.4643,0.5739,0.2895
M4-data,145,0.6007,0.5434,0.8905,0.3367
M7,103,0.5039,0.4966,0.4689,0.2862
